PublishDate,PublishTime,Timezone,File,Board,Title,Description,URL
2026-06-20,10:00 AM,America/New_York,pin-batch2-checklist-01.png,NYC Safety Tips,Before You Walk Alone in NYC,"A calm solo travel NYC safety checklist for your first trip. Save these NYC safety tips before walking alone, riding late, or choosing your route.",https://travelsamericas.com/destination/nyc/nyc-safety-guide
2026-06-20,10:00 AM,America/New_York,pin-batch2-checklist-02.png,NYC Solo Female Travel,Arrival Day Safety Setup for First Time NYC,"First time NYC solo? Use this quick arrival-day setup for maps, transit, payment, and hotel safety. Save this for your solo female travel NYC plan.",https://travelsamericas.com/destination/nyc/solo-trip-to-nyc
2026-06-21,10:00 AM,America/New_York,pin-batch2-listicle-01.png,NYC Subway + Getting Around,7 Solo NYC Night Rules,"NYC subway at night can feel easier with a simple plan. These solo travel NYC night rules cover transit, walking routes, and when to switch to a ride.",https://travelsamericas.com/destination/nyc/subway-safety-guide
2026-06-21,10:00 AM,America/New_York,pin-batch2-listicle-02.png,Where to Stay in NYC,9 Solo-Friendly NYC Areas,"Trying to decide where to stay in NYC alone? Start with these solo-friendly neighborhoods, transit-friendly bases, and areas that feel easier for first timers.",https://travelsamericas.com/destination/nyc/best-areas-to-stay
2026-06-22,10:00 AM,America/New_York,pin-batch2-map-01.png,Where to Stay in NYC,NYC Solo Zones: Where to Stay,"A quick NYC neighborhood guide for solo travelers comparing relaxed bases, central areas, and late-night ride zones. Save this before booking.",https://travelsamericas.com/destination/nyc/neighborhood-guide
2026-06-22,10:00 AM,America/New_York,pin-batch2-map-02.png,NYC Safety Tips,NYC After Dark: Walk vs Ride,"Use this NYC safety guide to decide when to walk, when to stay on busy avenues, and when a ride is the better call after dark.",https://travelsamericas.com/destination/nyc/is-nyc-safe-at-night
2026-06-23,10:00 AM,America/New_York,pin-batch2-itinerary-01.png,NYC Itineraries,3 Days in NYC Solo: A Calm First Trip,"A solo NYC itinerary built for confidence, not rushing. Save this 3-day New York travel guide and grab the printable version for your trip.",https://travelsamericas.com/destination/nyc/solo-itinerary
2026-06-23,10:00 AM,America/New_York,pin-batch2-itinerary-02.png,Solo Travel Tips for Women,Solo NYC Weekend: Alone, Not Lonely,"You do not need a travel buddy to enjoy New York. This solo NYC weekend plan includes museums, food halls, views, and calm breaks.",https://travelsamericas.com/destination/nyc/solo-trip-to-nyc
2026-06-24,10:00 AM,America/New_York,pin-batch2-stat-01.png,NYC Safety Tips,NYC Safety Myth: You Need a Plan, Not Panic,"Solo female travel in NYC is easier when you plan the logistics: routes, exits, phone battery, and late-night choices. Save this calm safety reminder.",https://travelsamericas.com/destination/nyc/nyc-female-solo-travel-guide
2026-06-24,10:00 AM,America/New_York,pin-batch2-stat-02.png,NYC Solo Female Travel,Safety Starts Before JFK,"Prepare for solo travel NYC before you land: offline maps, tap-to-pay, hotel details, and backup routes. Save this first-time NYC checklist.",https://travelsamericas.com/destination/nyc/getting-to-nyc
2026-06-25,10:00 AM,America/New_York,pin-batch2-video-idea-01.png,NYC Subway + Getting Around,5 NYC Subway Night Rules,"Turn this into an Idea Pin or post as a static checklist. These NYC subway safety tips help solo travelers feel prepared after dark.",https://travelsamericas.com/destination/nyc/subway-safety-guide
2026-06-25,10:00 AM,America/New_York,pin-batch2-video-idea-02.png,NYC Food for Solo Travelers,5 Solo Dinner Comfort Moves in NYC,"Eating alone in NYC does not have to feel awkward. Save these solo dinner tips for bar seating, lively areas, and easy walk-back plans.",https://travelsamericas.com/destination/nyc/food
